<?xml version="1.0" encoding="UTF-8"?>
<!DOCTYPE generatorConfiguration
  PUBLIC "-//mybatis.org//DTD MyBatis Generator Configuration 1.0//EN"
  "http://mybatis.org/dtd/mybatis-generator-config_1_0.dtd">
<generatorConfiguration>
	<properties resource="db.properties" />
	<!--数据库驱动 -->
	<context id="DB2Tables" targetRuntime="MyBatis3">
		<commentGenerator>
			<property name="suppressDate" value="true" />
			<property name="suppressAllComments" value="true" />
		</commentGenerator>
		<!--数据库链接地址账号密码 -->
		<jdbcConnection driverClass="${jdbc.driver}"
			connectionURL="${jdbc.url}" userId="${jdbc.username}"
			password="${jdbc.password}">
			<property name="remarksReporting" value="true"/>
			<property name="nullCatalogMeansCurrent" value="true" />
		</jdbcConnection>
		<javaTypeResolver>
			<property name="forceBigDecimals" value="false" />
		</javaTypeResolver>
		<!--生成Model类存放位置 -->
		<javaModelGenerator
			targetPackage="cn.edu.ujn.${artifactId}.dao" targetProject="src\main\java">
			<property name="enableSubPackages" value="true" />
			<property name="trimStrings" value="true" />
		</javaModelGenerator>
		<!--生成映射文件存放位置 -->
		<sqlMapGenerator targetPackage="cn.edu.ujn.${artifactId}.dao"
			targetProject="src\main\resources">
			<property name="enableSubPackages" value="true" />
		</sqlMapGenerator>
		<!--生成Dao类存放位置 -->
		<javaClientGenerator type="XMLMAPPER"
			targetPackage="cn.edu.ujn.${artifactId}.dao" targetProject="src\main\java">
			<property name="enableSubPackages" value="true" />
		</javaClientGenerator>
		<!--生成对应表及类名 -->
		<table tableName="customer" schema="crm" domainObjectName="Customer" enableCountByExample="false" enableUpdateByExample="false" enableDeleteByExample="false" enableSelectByExample="false" selectByExampleQueryId="false"/>
		<table tableName="staff" schema="crm" domainObjectName="Staff" enableCountByExample="false" enableUpdateByExample="false" enableDeleteByExample="false" enableSelectByExample="false" selectByExampleQueryId="false"/>
		<table tableName="room" schema="crm" domainObjectName="Room" enableCountByExample="false" enableUpdateByExample="false" enableDeleteByExample="false" enableSelectByExample="false" selectByExampleQueryId="false"/>
		<table tableName="reservation" schema="crm" domainObjectName="Reservation" enableCountByExample="false" enableUpdateByExample="false" enableDeleteByExample="false" enableSelectByExample="false" selectByExampleQueryId="false"/>
		</context>
</generatorConfiguration>