<?xml version="1.0" encoding="UTF-8"?>
<!DOCTYPE mapper PUBLIC "-//mybatis.org//DTD Mapper 3.0//EN" "http://mybatis.org/dtd/mybatis-3-mapper.dtd">
<mapper namespace="cn.edu.ujn.lizhwork.dao.CustomerMapper">
  <resultMap id="BaseResultMap" type="cn.edu.ujn.lizhwork.dao.Customer">
    <id column="cust_id" jdbcType="INTEGER" property="custId" />
    <result column="cust_name" jdbcType="VARCHAR" property="custName" />
    <result column="cust_phone" jdbcType="BIGINT" property="custPhone" />
    <result column="cust_pid" jdbcType="VARCHAR" property="custPid" />
    <result column="cust_remark" jdbcType="VARCHAR" property="custRemark" />
    <result column="cust_regi" jdbcType="DATE" property="custRegi" />
    <result column="cust_gender" jdbcType="VARCHAR" property="custGender" />
  </resultMap>
  <sql id="Base_Column_List">
    cust_id, cust_name, cust_phone, cust_pid, cust_remark, cust_regi, cust_gender
  </sql>
  <select id="selectByPrimaryKey" parameterType="java.lang.Integer" resultMap="BaseResultMap">
    select 
    <include refid="Base_Column_List" />
    from customer
    where cust_id = #{custId,jdbcType=INTEGER}
  </select>

  <select id="selectAll" parameterType="Customer" resultMap="BaseResultMap">
    select
    <include refid="Base_Column_List" />
    from customer
    <where>
      <if test="custName != null">
        cust_name like concat('%',#{custName},'%')
      </if>
    </where>
    limit #{start},#{rows}
  </select>
  <select id="selectCount" resultType="Integer">
    select
    count(*)
    from customer
  </select>
  <select id="selectByName" parameterType="java.lang.String" resultMap="BaseResultMap">
    select
    <include refid="Base_Column_List" />
    from customer
    where cust_name = #{custName,jdbcType=VARCHAR}
  </select>



  <delete id="deleteByPrimaryKey" parameterType="java.lang.Integer">
    delete from customer
    where cust_id = #{custId,jdbcType=INTEGER}
  </delete>
  <insert id="insert" parameterType="cn.edu.ujn.lizhwork.dao.Customer">
    insert into customer (cust_id, cust_name, cust_phone,
      cust_pid, cust_remark, cust_regi, 
      cust_gender)
    values (#{custId,jdbcType=INTEGER}, #{custName,jdbcType=VARCHAR}, #{custPhone,jdbcType=BIGINT},
      #{custPid,jdbcType=VARCHAR}, #{custRemark,jdbcType=VARCHAR}, #{custRegi,jdbcType=DATE}, 
      #{custGender,jdbcType=VARCHAR})
  </insert>
  <insert id="insertSelective" parameterType="cn.edu.ujn.lizhwork.dao.Customer">
    insert into customer
    <trim prefix="(" suffix=")" suffixOverrides=",">
      <if test="custId != null">
        cust_id,
      </if>
      <if test="custName != null">
        cust_name,
      </if>
      <if test="custPhone != null">
        cust_phone,
      </if>
      <if test="custPid != null">
        cust_pid,
      </if>
      <if test="custRemark != null">
        cust_remark,
      </if>
      <if test="custRegi != null">
        cust_regi,
      </if>
      <if test="custGender != null">
        cust_gender,
      </if>
    </trim>
    <trim prefix="values (" suffix=")" suffixOverrides=",">
      <if test="custId != null">
        #{custId,jdbcType=INTEGER},
      </if>
      <if test="custName != null">
        #{custName,jdbcType=VARCHAR},
      </if>
      <if test="custPhone != null">
        #{custPhone,jdbcType=BIGINT},
      </if>
      <if test="custPid != null">
        #{custPid,jdbcType=VARCHAR},
      </if>
      <if test="custRemark != null">
        #{custRemark,jdbcType=VARCHAR},
      </if>
      <if test="custRegi != null">
        #{custRegi,jdbcType=DATE},
      </if>
      <if test="custGender != null">
        #{custGender,jdbcType=VARCHAR},
      </if>
    </trim>
  </insert>
  <update id="updateByPrimaryKeySelective" parameterType="cn.edu.ujn.lizhwork.dao.Customer">
    update customer
    <set>
      <if test="custName != null">
        cust_name = #{custName,jdbcType=VARCHAR},
      </if>
      <if test="custPhone != null">
        cust_phone = #{custPhone,jdbcType=BIGINT},
      </if>
      <if test="custPid != null">
        cust_pid = #{custPid,jdbcType=VARCHAR},
      </if>
      <if test="custRemark != null">
        cust_remark = #{custRemark,jdbcType=VARCHAR},
      </if>
      <if test="custRegi != null">
        cust_regi = #{custRegi,jdbcType=DATE},
      </if>
      <if test="custGender != null">
        cust_gender = #{custGender,jdbcType=VARCHAR},
      </if>
    </set>
    where cust_id = #{custId,jdbcType=INTEGER}
  </update>
  <update id="updateByPrimaryKey" parameterType="cn.edu.ujn.lizhwork.dao.Customer">
    update customer
    set cust_name = #{custName,jdbcType=VARCHAR},
      cust_phone = #{custPhone,jdbcType=BIGINT},
      cust_pid = #{custPid,jdbcType=VARCHAR},
      cust_remark = #{custRemark,jdbcType=VARCHAR},
      cust_regi = #{custRegi,jdbcType=DATE},
      cust_gender = #{custGender,jdbcType=VARCHAR}
    where cust_id = #{custId,jdbcType=INTEGER}
  </update>
</mapper>