<?xml version="1.0" encoding="UTF-8"?>
<!DOCTYPE mapper PUBLIC "-//mybatis.org//DTD Mapper 3.0//EN" "http://mybatis.org/dtd/mybatis-3-mapper.dtd">
<mapper namespace="cn.edu.ujn.lizhwork.dao.ReservationMapper">
  <resultMap id="BaseResultMap" type="cn.edu.ujn.lizhwork.dao.Reservation">
    <id column="reservation_id" jdbcType="INTEGER" property="reservationId" />
    <result column="customer_id" jdbcType="INTEGER" property="customerId" />
    <result column="room_id" jdbcType="INTEGER" property="roomId" />
    <result column="check_in_date" jdbcType="DATE" property="checkInDate" />
    <result column="check_our_date" jdbcType="DATE" property="checkOurDate" />
    <result column="reservation_date" jdbcType="TIMESTAMP" property="reservationDate" />
    <result column="reservation_status" jdbcType="VARCHAR" property="reservationStatus" />
  </resultMap>
  <sql id="Base_Column_List">
    reservation_id, customer_id, room_id, check_in_date, check_our_date, reservation_date, 
    reservation_status
  </sql>
  <select id="selectByPrimaryKey" parameterType="java.lang.Integer" resultMap="BaseResultMap">
    select 
    <include refid="Base_Column_List" />
    from reservation
    where reservation_id = #{reservationId,jdbcType=INTEGER}
  </select>
  <delete id="deleteByPrimaryKey" parameterType="java.lang.Integer">
    delete from reservation
    where reservation_id = #{reservationId,jdbcType=INTEGER}
  </delete>
  <insert id="insert" parameterType="cn.edu.ujn.lizhwork.dao.Reservation">
    insert into reservation (reservation_id, customer_id, room_id, 
      check_in_date, check_our_date, reservation_date, 
      reservation_status)
    values (#{reservationId,jdbcType=INTEGER}, #{customerId,jdbcType=INTEGER}, #{roomId,jdbcType=INTEGER}, 
      #{checkInDate,jdbcType=DATE}, #{checkOurDate,jdbcType=DATE}, #{reservationDate,jdbcType=TIMESTAMP}, 
      #{reservationStatus,jdbcType=VARCHAR})
  </insert>
  <insert id="insertSelective" parameterType="cn.edu.ujn.lizhwork.dao.Reservation">
    insert into reservation
    <trim prefix="(" suffix=")" suffixOverrides=",">
      <if test="reservationId != null">
        reservation_id,
      </if>
      <if test="customerId != null">
        customer_id,
      </if>
      <if test="roomId != null">
        room_id,
      </if>
      <if test="checkInDate != null">
        check_in_date,
      </if>
      <if test="checkOurDate != null">
        check_our_date,
      </if>
      <if test="reservationDate != null">
        reservation_date,
      </if>
      <if test="reservationStatus != null">
        reservation_status,
      </if>
    </trim>
    <trim prefix="values (" suffix=")" suffixOverrides=",">
      <if test="reservationId != null">
        #{reservationId,jdbcType=INTEGER},
      </if>
      <if test="customerId != null">
        #{customerId,jdbcType=INTEGER},
      </if>
      <if test="roomId != null">
        #{roomId,jdbcType=INTEGER},
      </if>
      <if test="checkInDate != null">
        #{checkInDate,jdbcType=DATE},
      </if>
      <if test="checkOurDate != null">
        #{checkOurDate,jdbcType=DATE},
      </if>
      <if test="reservationDate != null">
        #{reservationDate,jdbcType=TIMESTAMP},
      </if>
      <if test="reservationStatus != null">
        #{reservationStatus,jdbcType=VARCHAR},
      </if>
    </trim>
  </insert>
  <update id="updateByPrimaryKeySelective" parameterType="cn.edu.ujn.lizhwork.dao.Reservation">
    update reservation
    <set>
      <if test="customerId != null">
        customer_id = #{customerId,jdbcType=INTEGER},
      </if>
      <if test="roomId != null">
        room_id = #{roomId,jdbcType=INTEGER},
      </if>
      <if test="checkInDate != null">
        check_in_date = #{checkInDate,jdbcType=DATE},
      </if>
      <if test="checkOurDate != null">
        check_our_date = #{checkOurDate,jdbcType=DATE},
      </if>
      <if test="reservationDate != null">
        reservation_date = #{reservationDate,jdbcType=TIMESTAMP},
      </if>
      <if test="reservationStatus != null">
        reservation_status = #{reservationStatus,jdbcType=VARCHAR},
      </if>
    </set>
    where reservation_id = #{reservationId,jdbcType=INTEGER}
  </update>
  <update id="updateByPrimaryKey" parameterType="cn.edu.ujn.lizhwork.dao.Reservation">
    update reservation
    set customer_id = #{customerId,jdbcType=INTEGER},
      room_id = #{roomId,jdbcType=INTEGER},
      check_in_date = #{checkInDate,jdbcType=DATE},
      check_our_date = #{checkOurDate,jdbcType=DATE},
      reservation_date = #{reservationDate,jdbcType=TIMESTAMP},
      reservation_status = #{reservationStatus,jdbcType=VARCHAR}
    where reservation_id = #{reservationId,jdbcType=INTEGER}
  </update>
</mapper>