<?xml version="1.0" encoding="UTF-8"?>
<!DOCTYPE mapper PUBLIC "-//mybatis.org//DTD Mapper 3.0//EN" "http://mybatis.org/dtd/mybatis-3-mapper.dtd">
<mapper namespace="cn.edu.ujn.lizhwork.dao.RoomMapper">
  <resultMap id="BaseResultMap" type="cn.edu.ujn.lizhwork.dao.Room">
    <id column="room_id" jdbcType="INTEGER" property="roomId" />
    <result column="room_type" jdbcType="VARCHAR" property="roomType" />
    <result column="room_number" jdbcType="VARCHAR" property="roomNumber" />
    <result column="room_state" jdbcType="VARCHAR" property="roomState" />
    <result column="room_price" jdbcType="INTEGER" property="roomPrice" />
    <result column="room_remark" jdbcType="VARCHAR" property="roomRemark" />
  </resultMap>
  <sql id="Base_Column_List">
    room_id, room_type, room_number, room_state, room_price, room_remark
  </sql>
  <select id="selectByPrimaryKey" parameterType="java.lang.Integer" resultMap="BaseResultMap">
    select 
    <include refid="Base_Column_List" />
    from room
    where room_id = #{roomId,jdbcType=INTEGER}
  </select>
  <delete id="deleteByPrimaryKey" parameterType="java.lang.Integer">
    delete from room
    where room_id = #{roomId,jdbcType=INTEGER}
  </delete>
  <insert id="insert" parameterType="cn.edu.ujn.lizhwork.dao.Room">
    insert into room (room_id, room_type, room_number, 
      room_state, room_price, room_remark
      )
    values (#{roomId,jdbcType=INTEGER}, #{roomType,jdbcType=VARCHAR}, #{roomNumber,jdbcType=VARCHAR}, 
      #{roomState,jdbcType=VARCHAR}, #{roomPrice,jdbcType=INTEGER}, #{roomRemark,jdbcType=VARCHAR}
      )
  </insert>
  <insert id="insertSelective" parameterType="cn.edu.ujn.lizhwork.dao.Room">
    insert into room
    <trim prefix="(" suffix=")" suffixOverrides=",">
      <if test="roomId != null">
        room_id,
      </if>
      <if test="roomType != null">
        room_type,
      </if>
      <if test="roomNumber != null">
        room_number,
      </if>
      <if test="roomState != null">
        room_state,
      </if>
      <if test="roomPrice != null">
        room_price,
      </if>
      <if test="roomRemark != null">
        room_remark,
      </if>
    </trim>
    <trim prefix="values (" suffix=")" suffixOverrides=",">
      <if test="roomId != null">
        #{roomId,jdbcType=INTEGER},
      </if>
      <if test="roomType != null">
        #{roomType,jdbcType=VARCHAR},
      </if>
      <if test="roomNumber != null">
        #{roomNumber,jdbcType=VARCHAR},
      </if>
      <if test="roomState != null">
        #{roomState,jdbcType=VARCHAR},
      </if>
      <if test="roomPrice != null">
        #{roomPrice,jdbcType=INTEGER},
      </if>
      <if test="roomRemark != null">
        #{roomRemark,jdbcType=VARCHAR},
      </if>
    </trim>
  </insert>
  <update id="updateByPrimaryKeySelective" parameterType="cn.edu.ujn.lizhwork.dao.Room">
    update room
    <set>
      <if test="roomType != null">
        room_type = #{roomType,jdbcType=VARCHAR},
      </if>
      <if test="roomNumber != null">
        room_number = #{roomNumber,jdbcType=VARCHAR},
      </if>
      <if test="roomState != null">
        room_state = #{roomState,jdbcType=VARCHAR},
      </if>
      <if test="roomPrice != null">
        room_price = #{roomPrice,jdbcType=INTEGER},
      </if>
      <if test="roomRemark != null">
        room_remark = #{roomRemark,jdbcType=VARCHAR},
      </if>
    </set>
    where room_id = #{roomId,jdbcType=INTEGER}
  </update>
  <update id="updateByPrimaryKey" parameterType="cn.edu.ujn.lizhwork.dao.Room">
    update room
    set room_type = #{roomType,jdbcType=VARCHAR},
      room_number = #{roomNumber,jdbcType=VARCHAR},
      room_state = #{roomState,jdbcType=VARCHAR},
      room_price = #{roomPrice,jdbcType=INTEGER},
      room_remark = #{roomRemark,jdbcType=VARCHAR}
    where room_id = #{roomId,jdbcType=INTEGER}
  </update>
</mapper>