<?xml version="1.0" encoding="UTF-8"?>
<!DOCTYPE mapper PUBLIC "-//mybatis.org//DTD Mapper 3.0//EN" "http://mybatis.org/dtd/mybatis-3-mapper.dtd">
<mapper namespace="cn.edu.ujn.lizhwork.dao.StaffMapper">
  <resultMap id="BaseResultMap" type="cn.edu.ujn.lizhwork.dao.Staff">
    <id column="staff_id" jdbcType="INTEGER" property="staffId" />
    <result column="staff_name" jdbcType="VARCHAR" property="staffName" />
    <result column="staff_department" jdbcType="VARCHAR" property="staffDepartment" />
    <result column="staff_workplace" jdbcType="VARCHAR" property="staffWorkplace" />
    <result column="staff_salary" jdbcType="INTEGER" property="staffSalary" />
    <result column="staff_status" jdbcType="VARCHAR" property="staffStatus" />
    <result column="staff_phone" jdbcType="BIGINT" property="staffPhone" />
    <result column="staff_gender" jdbcType="VARCHAR" property="staffGender" />
  </resultMap>
  <sql id="Base_Column_List">
    staff_id, staff_name, staff_department, staff_workplace, staff_salary, staff_status, 
    staff_phone, staff_gender
  </sql>
  <select id="selectByPrimaryKey" parameterType="java.lang.Integer" resultMap="BaseResultMap">
    select 
    <include refid="Base_Column_List" />
    from staff
    where staff_id = #{staffId,jdbcType=INTEGER}
  </select>
  <delete id="deleteByPrimaryKey" parameterType="java.lang.Integer">
    delete from staff
    where staff_id = #{staffId,jdbcType=INTEGER}
  </delete>
  <insert id="insert" parameterType="cn.edu.ujn.lizhwork.dao.Staff">
    insert into staff (staff_id, staff_name, staff_department, 
      staff_workplace, staff_salary, staff_status, 
      staff_phone, staff_gender)
    values (#{staffId,jdbcType=INTEGER}, #{staffName,jdbcType=VARCHAR}, #{staffDepartment,jdbcType=VARCHAR}, 
      #{staffWorkplace,jdbcType=VARCHAR}, #{staffSalary,jdbcType=INTEGER}, #{staffStatus,jdbcType=VARCHAR}, 
      #{staffPhone,jdbcType=BIGINT}, #{staffGender,jdbcType=VARCHAR})
  </insert>
  <insert id="insertSelective" parameterType="cn.edu.ujn.lizhwork.dao.Staff">
    insert into staff
    <trim prefix="(" suffix=")" suffixOverrides=",">
      <if test="staffId != null">
        staff_id,
      </if>
      <if test="staffName != null">
        staff_name,
      </if>
      <if test="staffDepartment != null">
        staff_department,
      </if>
      <if test="staffWorkplace != null">
        staff_workplace,
      </if>
      <if test="staffSalary != null">
        staff_salary,
      </if>
      <if test="staffStatus != null">
        staff_status,
      </if>
      <if test="staffPhone != null">
        staff_phone,
      </if>
      <if test="staffGender != null">
        staff_gender,
      </if>
    </trim>
    <trim prefix="values (" suffix=")" suffixOverrides=",">
      <if test="staffId != null">
        #{staffId,jdbcType=INTEGER},
      </if>
      <if test="staffName != null">
        #{staffName,jdbcType=VARCHAR},
      </if>
      <if test="staffDepartment != null">
        #{staffDepartment,jdbcType=VARCHAR},
      </if>
      <if test="staffWorkplace != null">
        #{staffWorkplace,jdbcType=VARCHAR},
      </if>
      <if test="staffSalary != null">
        #{staffSalary,jdbcType=INTEGER},
      </if>
      <if test="staffStatus != null">
        #{staffStatus,jdbcType=VARCHAR},
      </if>
      <if test="staffPhone != null">
        #{staffPhone,jdbcType=BIGINT},
      </if>
      <if test="staffGender != null">
        #{staffGender,jdbcType=VARCHAR},
      </if>
    </trim>
  </insert>
  <update id="updateByPrimaryKeySelective" parameterType="cn.edu.ujn.lizhwork.dao.Staff">
    update staff
    <set>
      <if test="staffName != null">
        staff_name = #{staffName,jdbcType=VARCHAR},
      </if>
      <if test="staffDepartment != null">
        staff_department = #{staffDepartment,jdbcType=VARCHAR},
      </if>
      <if test="staffWorkplace != null">
        staff_workplace = #{staffWorkplace,jdbcType=VARCHAR},
      </if>
      <if test="staffSalary != null">
        staff_salary = #{staffSalary,jdbcType=INTEGER},
      </if>
      <if test="staffStatus != null">
        staff_status = #{staffStatus,jdbcType=VARCHAR},
      </if>
      <if test="staffPhone != null">
        staff_phone = #{staffPhone,jdbcType=BIGINT},
      </if>
      <if test="staffGender != null">
        staff_gender = #{staffGender,jdbcType=VARCHAR},
      </if>
    </set>
    where staff_id = #{staffId,jdbcType=INTEGER}
  </update>
  <update id="updateByPrimaryKey" parameterType="cn.edu.ujn.lizhwork.dao.Staff">
    update staff
    set staff_name = #{staffName,jdbcType=VARCHAR},
      staff_department = #{staffDepartment,jdbcType=VARCHAR},
      staff_workplace = #{staffWorkplace,jdbcType=VARCHAR},
      staff_salary = #{staffSalary,jdbcType=INTEGER},
      staff_status = #{staffStatus,jdbcType=VARCHAR},
      staff_phone = #{staffPhone,jdbcType=BIGINT},
      staff_gender = #{staffGender,jdbcType=VARCHAR}
    where staff_id = #{staffId,jdbcType=INTEGER}
  </update>
</mapper>